﻿<?xml version="1.0" encoding="utf-8"?>
<configuration>
  <datasource ip="192.168.1.153" port="9012">
    <item id="1234" zigbee="1" isnew="true">
      <meter name="11110021147872" chanel="1" version="0" vendor="1" category="20" sname="0" tpname="0" point="1" build="1" unit="1" room="102" switchv="12" />
      <meter name="11110021147872" chanel="1" version="0" vendor="1" category="20" sname="0" tpname="0" point="2" build="1" unit="1" room="102" switchv="12" />
      <meter name="11110021147872" chanel="1" version="0" vendor="1" category="20" sname="0" tpname="0" point="3" build="1" unit="1" room="102" switchv="12" />
      <meter name="11110021147872" chanel="1" version="0" vendor="1" category="20" sname="0" tpname="0" point="4" build="1" unit="1" room="102" switchv="12" />
      <meter name="11110021147872" chanel="1" version="0" vendor="1" category="20" sname="0" tpname="0" point="5" build="1" unit="1" room="102" switchv="12" />
      <meter name="11110021147872" chanel="1" version="0" vendor="1" category="20" sname="0" tpname="0" point="6" build="1" unit="1" room="102" switchv="12" />
      <meter name="11110021147872" chanel="1" version="0" vendor="1" category="20" sname="0" tpname="0" point="7" build="1" unit="1" room="102" switchv="12" />
      <meter name="11110021147872" chanel="1" version="0" vendor="1" category="20" sname="0" tpname="0" point="8" build="1" unit="1" room="102" switchv="12" />
      <meter name="11110021147872" chanel="1" version="0" vendor="1" category="20" sname="0" tpname="0" point="9" build="1" unit="1" room="102" switchv="12" />
      <meter name="11110021147872" chanel="1" version="0" vendor="1" category="20" sname="0" tpname="0" point="10" build="1" unit="1" room="102" switchv="12" />
    </item>
  </datasource>
  <version>
    <csmeter name="德鲁热表" xxt="FEFE" csf="68" yblx="20" kzm="01" sjbs="1F9000" jsf="16" />
    <csmeter name="贝特热表" xxt="FEFEFEFE" csf="68" yblx="20" kzm="01" sjbs="1F9000" jsf="16" />
    <csmeter name="天津万华" xxt="FEFEFEFE" csf="68" yblx="20" kzm="01" sjbs="C35200" jsf="16" />
    <csmeter name="丹弗森热表" xxt="" csf="68" yblx="20" kzm="01" sjbs="901F00" jsf="16" />
    <csmeter name="力创热表" xxt="FEFEFEFE" csf="68" yblx="20" kzm="01" sjbs="901F00" jsf="16" />
    <csmeter name="新天热表" xxt="FEFEFEFE" csf="68" yblx="20" kzm="01" sjbs="1F9000" jsf="16" />
    <csmeter name="暖流热表" xxt="FEFEFEFE" csf="68" yblx="20" kzm="01" sjbs="901F00" jsf="16" />
    <csmeter name="震宇、经纬热表" xxt="FEFEFEFE" csf="68" yblx="20" kzm="01" sjbs="901F00" jsf="16" />
    <csmeter name="天津亿通达热表" xxt="FEFEFE" csf="68" yblx="20" kzm="01" sjbs="901F00" jsf="16" />
    <csmeter name="联强485热表" xxt="FEFEFEFE" csf="68" yblx="20" kzm="01" sjbs="901F00" jsf="16" />
  </version>
</configuration>